<?xml version='1.0' encoding='UTF-8' standalone='no'?>
<sbml xmlns="http://www.sbml.org/sbml/level3/version1/core" level="3" metaid="_153818" version="1">
  <model name="Elowitz2000 - Repressilator" id="BIOMD0000000012" metaid="_000001">
    <notes>
      <body xmlns="http://www.w3.org/1999/xhtml">
        <div class="dc:title">Elowitz2000 - Repressilator</div>
            <div class="dc:description">      <p>This model describes the deterministic version of the repressilator system.</p>
                <p>The authors of this model (see reference) use three transcriptional repressor systems that are not part of any natural biological clock to build an oscillating network that they called the repressilator. The model system was induced in Escherichia coli.</p>
                <p>In this system, LacI (variable X is the mRNA, variable PX is the protein) inhibits the tetracycline-resistance transposon tetR (Y, PY describe mRNA and protein). Protein tetR inhibits the gene Cl from phage Lambda (Z, PZ: mRNA, protein),and protein Cl inhibits lacI expression. With the appropriate parameter values this system oscillates.</p>
                </div>
            <div class="dc:bibliographicCitation">      <p>This model is described in the article:</p>
                <div class="bibo:title">        <a href="http://identifiers.org/pubmed/10659856" title="Access to this publication">A synthetic oscillatory network of transcriptional regulators.</a>
                    </div>
                <div class="bibo:authorList">Elowitz MB, Leibler S.</div>
                <div class="bibo:Journal">Nature. 2000 Jan; 403(6767):335-338</div>
                <p>Abstract:</p>
                <div class="bibo:abstract">        <p>Networks of interacting biomolecules carry out many essential functions in living cells, but the 'design principles' underlying the functioning of such intracellular networks remain poorly understood, despite intensive efforts including quantitative analysis of relatively simple systems. Here we present a complementary approach to this problem: the design and construction of a synthetic network to implement a particular function. We used three transcriptional repressor systems that are not part of any natural biological clock to build an oscillating network, termed the repressilator, in Escherichia coli. The network periodically induces the synthesis of green fluorescent protein as a readout of its state in individual cells. The resulting oscillations, with typical periods of hours, are slower than the cell-division cycle, so the state of the oscillator has to be transmitted from generation to generation. This artificial clock displays noisy behaviour, possibly because of stochastic fluctuations of its components. Such 'rational network design may lead both to the engineering of new cellular behaviours and to an improved understanding of naturally occurring networks.</p>
                    </div>
                </div>
            <div class="bm:curation">      <p>The model is based upon the equations in Box 1 of the paper; however, these equations as printed are dimensionless, and the correct dimensions have been returned to the equations, and the parameters set to reproduce Figure 1C (left).</p>
                </div>
            <div class="bm:modification">      <p>The original model was generated by B.E. Shapiro using Cellerator version 1.0 update 2.1127 using Mathematica 4.2 for Mac OS X (June 4, 2002), November 27, 2002 12:15:32, using (PowerMac,PowerPC, Mac OS X,MacOSX,Darwin).</p>
                <p>Nicolas Le Novere provided a corrected version generated by SBMLeditor on Sun Aug 20 00:44:05 BST 2006. This removed the EmptySet species. Ran fine on COPASI 4.0 build 18.</p>
                <p>Bruce Shapiro revised the model with SBMLeditor on 23 October 2006 20:39 PST. This defines default units and correct reactions. The original Cellerator reactions while being mathematically correct did not accurately reflect the intent of the authors. The original notes were mostly removed because they were mostly incorrect in the revised version. Tested with MathSBML 2.6.0.</p>
                <p>Nicolas Le Novere changed the volume to 1 cubic micrometre, to allow for stochastic simulation.</p>
                <p>Changed by Lukas Endler to use the average livetime of mRNA instead of its halflife and a corrected value of alpha and alpha0.</p>
                <p>Moreover, the equations used in this model were clarified, cf. below.</p>
                <p>The equations given in        <b>box 1</b>
            of the original publication are rescaled in three respects (lowercase letters denote the rescaled, uppercase letters the unscaled number of molecules per cell):        </p>
                <ul>        <li>the time is rescaled to the average mRNA lifetime,          <em>t_ave: τ = t/t_ave</em>
                        </li>
                    <li>the mRNA concentration is rescaled to the translation efficiency          <em>eff: m = M/eff</em>
                        </li>
                    <li>the protein concentration is rescaled to          <em>Km: p = P/Km</em>
                        </li>
                    </ul>
                <p>        <em>α</em>
            in the equations should be in units of rescaled proteins per promotor and cell, and        <em>β</em>
            is the ratio of the protein to the mRNA decay rates or the ratio of the mRNA to the protein halflife.        </p>
                <p>In this version of the model        <em>α</em>
            and        <em>β</em>
            are calculated correspondingly to the article, while        <em>p</em>
            and        <em>m</em>
            where just replaced by        <em>P/Km</em>
            resp.        <em>M/eff</em>
            and all equations multiplied by        <em>1/t_ave</em>
            . Also, to make the equations easier to read, commonly used variables derived from the parameters given in the article by simple rules were introduced.        </p>
                <p>The parameters given in the article were:</p>
                <table>        <tr>          <td>promotor strength (repressed) (            <em>tps_repr</em>
                ):            </td>
                        <td>5*10            <sup>-4</sup>
                            </td>
                        <td>transcripts/(promotor*s)</td>
                        </tr>
                    <tr>          <td>promotor strength (full) (            <em>tps_active</em>
                ):            </td>
                        <td>0.5</td>
                        <td>transcripts/(promotor*s)</td>
                        </tr>
                    <tr>          <td>mRNA half life, τ            <sub>1/2,mRNA</sub>
                :            </td>
                        <td>2</td>
                        <td>min</td>
                        </tr>
                    <tr>          <td>protein half life, τ            <sub>1/2,prot</sub>
                :            </td>
                        <td>10</td>
                        <td>min</td>
                        </tr>
                    <tr>          <td>K            <sub>M</sub>
                :            </td>
                        <td>40</td>
                        <td>monomers/cell</td>
                        </tr>
                    <tr>          <td>Hill coefficient n:</td>
                        <td>2</td>
                        <td/>
                        </tr>
                    </table>
                <p>From these the following constants can be derived:</p>
                <table>        <tr>          <td>average mRNA lifetime (            <em>t_ave</em>
                ):            </td>
                        <td>            <em>τ              <sub>1/2,mRNA</sub>
                  /ln(2)              </em>
                            </td>
                        <td>= 2.89 min</td>
                        </tr>
                    <tr>          <td>mRNA decay rate (            <em>kd_mRNA</em>
                ):            </td>
                        <td>            <em>ln(2)/ τ              <sub>1/2,mRNA</sub>
                                </em>
                            </td>
                        <td>= 0.347 min            <sup>-1</sup>
                            </td>
                        </tr>
                    <tr>          <td>protein decay rate (            <em>kd_prot</em>
                ):            </td>
                        <td>            <em>ln(2)/ τ              <sub>1/2,prot</sub>
                                </em>
                            </td>
                        </tr>
                    <tr>          <td>transcription rate (            <em>a_tr</em>
                ):            </td>
                        <td>            <em>tps_active*60</em>
                            </td>
                        <td>= 29.97 transcripts/min</td>
                        </tr>
                    <tr>          <td>transcription rate (repressed) (            <em>a0_tr</em>
                ):            </td>
                        <td>            <em>tps_repr*60</em>
                            </td>
                        <td>= 0.03 transcripts/min</td>
                        </tr>
                    <tr>          <td>translation rate (            <em>k_tl</em>
                ):            </td>
                        <td>            <em>eff*kd_mRNA</em>
                            </td>
                        <td>= 6.93 proteins/(mRNA*min)</td>
                        </tr>
                    <tr>          <td>α :</td>
                        <td>            <em>a_tr*eff*τ              <sub>1/2,prot</sub>
                  /(ln(2)*K              <sub>M</sub>
                  )              </em>
                            </td>
                        <td>= 216.4 proteins/(promotor*cell*Km)</td>
                        </tr>
                    <tr>          <td>α            <sub>0</sub>
                :            </td>
                        <td>            <em>a0_tr*eff*τ              <sub>1/2,prot</sub>
                  /(ln(2)*K              <sub>M</sub>
                  )              </em>
                            </td>
                        <td>= 0.2164 proteins/(promotor*cell*Km)</td>
                        </tr>
                    <tr>          <td>β :</td>
                        <td>            <em>k_dp/k_dm</em>
                            </td>
                        <td>= 0.2</td>
                        </tr>
                    </table>
                <br/>
                <p>Annotation by the Kinetic Simulation Algorithm Ontology (KiSAO):</p>
                <p>To reproduce the simulations run published by the authors, the model has to be simulated with any of two different approaches. First, one could use a deterministic method (        <a href="http://identifiers.org/biomodels.kisao/KISAO_0000035" title="Access to: KISAO_0000035">KISAO_0000035</a>
            ) with continuous variables (        <a href="http://identifiers.org/biomodels.kisao/KISAO_0000018" title="Access to: KISAO_0000018">KISAO_0000018</a>
            ). One sample algorithm to use is the CVODE solver (        <a href="http://identifiers.org/biomodels.kisao/KISAO_0000019" title="Access to: KISAO_0000019">KISAO_0000019</a>
            ). Second, one could simulate the system using Gillespie's direct method (        <a href="http://identifiers.org/biomodels.kisao/KISAO_0000029" title="Access to: KISAO_0000029">KISAO_0000029</a>
            ), which is a stochastic method (        <a href="http://identifiers.org/biomodels.kisao/KISAO_0000036" title="Access to: KISAO_0000036">KISAO_0000036</a>
            ) supporting adaptive timesteps (        <a href="http://identifiers.org/biomodels.kisao/KISAO_0000041" title="Access to: KISAO_0000041">KISAO_0000041</a>
            ) and using discrete variables (        <a href="http://identifiers.org/biomodels.kisao/KISAO_0000016" title="Access to: KISAO_0000016">KISAO_0000016</a>
            ).        </p>
                </div>
            <div class="dc:publisher">      <p>This model is hosted on        <a href="http://www.ebi.ac.uk/biomodels/">BioModels Database</a>
            and identified by:        <a href="http://identifiers.org/biomodels.db/BIOMD0000000012">BIOMD0000000012</a>
            .        </p>
                <p>To cite BioModels Database, please use:        <a href="http://identifiers.org/pubmed/20587024" title="Latest BioModels Database publication">BioModels Database: An enhanced, curated and annotated resource for published quantitative kinetic models</a>
            .        </p>
                </div>
            <div class="dc:license">      <p>To the extent possible under law, all copyright and related or neighbouring rights to this encoded model have been dedicated to the public domain worldwide. Please refer to        <a href="http://creativecommons.org/publicdomain/zero/1.0/" title="Access to: CC0 1.0 Universal (CC0 1.0), Public Domain Dedication">CC0 Public Domain Dedication</a>
            for more information.        </p>
                </div>
            </body>
      
    </notes>
    <annotation>
    <rdf:RDF xmlns:rdf="http://www.w3.org/1999/02/22-rdf-syntax-ns#" xmlns:dc="http://purl.org/dc/elements/1.1/" xmlns:vCard="http://www.w3.org/2001/vcard-rdf/3.0#" xmlns:dcterms="http://purl.org/dc/terms/" xmlns:bqmodel="http://biomodels.net/model-qualifiers/" xmlns:bqbiol="http://biomodels.net/biology-qualifiers/">
	<rdf:Description rdf:about="#_000001">
	<dc:creator>
	<rdf:Bag>
	<rdf:li rdf:parseType="Resource">
	<vCard:N rdf:parseType="Resource">
	<vCard:Family>Le Novère</vCard:Family>
	<vCard:Given>Nicolas</vCard:Given>
	</vCard:N>
	<vCard:EMAIL>lenov@ebi.ac.uk</vCard:EMAIL>
	<vCard:ORG rdf:parseType="Resource">
	<vCard:Orgname>EMBL-EBI</vCard:Orgname>
	</vCard:ORG>
	</rdf:li>
	<rdf:li rdf:parseType="Resource">
	<vCard:N rdf:parseType="Resource">
	<vCard:Family>Shapiro</vCard:Family>
	<vCard:Given>Bruce</vCard:Given>
	</vCard:N>
	<vCard:EMAIL>bshapiro@caltech.edu</vCard:EMAIL>
	<vCard:ORG rdf:parseType="Resource">
	<vCard:Orgname>Jet Propulsion Laboratory</vCard:Orgname>
	</vCard:ORG>
	</rdf:li>
	<rdf:li rdf:parseType="Resource">
	<vCard:N rdf:parseType="Resource">
	<vCard:Family>Juty</vCard:Family>
	<vCard:Given>Nick</vCard:Given>
	</vCard:N>
	<vCard:EMAIL>juty@ebi.ac.uk</vCard:EMAIL>
	<vCard:ORG rdf:parseType="Resource">
	<vCard:Orgname>EMBL-EBI</vCard:Orgname>
	</vCard:ORG>
	</rdf:li>
	<rdf:li rdf:parseType="Resource">
	<vCard:N rdf:parseType="Resource">
	<vCard:Family>Endler</vCard:Family>
	<vCard:Given>Lukas</vCard:Given>
	</vCard:N>
	<vCard:EMAIL>lukas@ebi.ac.uk</vCard:EMAIL>
	<vCard:ORG rdf:parseType="Resource">
	<vCard:Orgname>EMBL-EBI</vCard:Orgname>
	</vCard:ORG>
	</rdf:li>
	<rdf:li rdf:parseType="Resource">
	<vCard:N rdf:parseType="Resource">
	<vCard:Family>Chelliah</vCard:Family>
	<vCard:Given>Vijayalakshmi</vCard:Given>
	</vCard:N>
	<vCard:EMAIL>viji@ebi.ac.uk</vCard:EMAIL>
	<vCard:ORG rdf:parseType="Resource">
	<vCard:Orgname>EMBL-EBI</vCard:Orgname>
	</vCard:ORG>
	</rdf:li>
	</rdf:Bag>
	</dc:creator>
	<dcterms:created rdf:parseType="Resource">
	<dcterms:W3CDTF>2009-01-20T14:03:56Z</dcterms:W3CDTF>
	</dcterms:created>
	<dcterms:modified rdf:parseType="Resource">
	<dcterms:W3CDTF>2013-07-10T10:59:30Z</dcterms:W3CDTF>
	</dcterms:modified>
	<bqmodel:is>
	<rdf:Bag>
	<rdf:li rdf:resource="http://identifiers.org/biomodels.db/MODEL6615351360"/>
	</rdf:Bag>
	</bqmodel:is>
	<bqmodel:is>
	<rdf:Bag>
	<rdf:li rdf:resource="http://identifiers.org/biomodels.db/BIOMD0000000012"/>
	</rdf:Bag>
	</bqmodel:is>
	<bqmodel:isDescribedBy>
	<rdf:Bag>
	<rdf:li rdf:resource="http://identifiers.org/pubmed/10659856"/>
	</rdf:Bag>
	</bqmodel:isDescribedBy>
	<bqbiol:occursIn>
	<rdf:Bag>
	<rdf:li rdf:resource="http://identifiers.org/taxonomy/562"/>
	</rdf:Bag>
	</bqbiol:occursIn>
	<bqbiol:isVersionOf>
	<rdf:Bag>
	<rdf:li rdf:resource="http://identifiers.org/obo.go/GO:0040029"/>
	</rdf:Bag>
	</bqbiol:isVersionOf>
	</rdf:Description>
	</rdf:RDF>
	</annotation>
      <listOfUnitDefinitions>
      <unitDefinition name="cubic microns" id="volume" metaid="metaid_0000029">
        <listOfUnits>
          <unit scale="-15" metaid="_420934" kind="litre"/>
        </listOfUnits>
      </unitDefinition>
      <unitDefinition name="item" id="substance" metaid="metaid_1000000">
        <listOfUnits>
          <unit metaid="_420947" kind="item"/>
        </listOfUnits>
      </unitDefinition>
      <unitDefinition name="minute" id="time" metaid="metaid_0000030">
        <listOfUnits>
          <unit metaid="_420960" kind="second" multiplier="60"/>
        </listOfUnits>
      </unitDefinition>
    </listOfUnitDefinitions>
    <listOfCompartments>
      <compartment id="cell" size="1" metaid="_000002" sboTerm="SBO:0000290">
        <annotation>
        <rdf:RDF xmlns:rdf="http://www.w3.org/1999/02/22-rdf-syntax-ns#" xmlns:bqbiol="http://biomodels.net/biology-qualifiers/">
	<rdf:Description rdf:about="#_000002">
	<bqbiol:is>
	<rdf:Bag>
	<rdf:li rdf:resource="http://identifiers.org/obo.go/GO:0005623"/>
	</rdf:Bag>
	</bqbiol:is>
	</rdf:Description>
	</rdf:RDF>
	</annotation>
            </compartment>
    </listOfCompartments>
    <listOfSpecies>
      <species metaid="PX" hasOnlySubstanceUnits="true" initialAmount="0" sboTerm="SBO:0000252" compartment="cell" name="LacI protein" id="PX">
        <notes>
          <p xmlns="http://www.w3.org/1999/xhtml">
        lacI inhibitor</p>
          
        </notes>
        <annotation>
        <rdf:RDF xmlns:rdf="http://www.w3.org/1999/02/22-rdf-syntax-ns#" xmlns:bqbiol="http://biomodels.net/biology-qualifiers/">
	<rdf:Description rdf:about="#PX">
	<bqbiol:is>
	<rdf:Bag>
	<rdf:li rdf:resource="http://identifiers.org/uniprot/P03023"/>
	</rdf:Bag>
	</bqbiol:is>
	</rdf:Description>
	</rdf:RDF>
	</annotation>
            </species>
      <species metaid="PY" hasOnlySubstanceUnits="true" initialAmount="0" sboTerm="SBO:0000252" compartment="cell" name="TetR protein" id="PY">
        <notes>
          <p xmlns="http://www.w3.org/1999/xhtml">
        Tet repressor protein</p>
          
        </notes>
        <annotation>
        <rdf:RDF xmlns:rdf="http://www.w3.org/1999/02/22-rdf-syntax-ns#" xmlns:bqbiol="http://biomodels.net/biology-qualifiers/">
	<rdf:Description rdf:about="#PY">
	<bqbiol:is>
	<rdf:Bag>
	<rdf:li rdf:resource="http://identifiers.org/uniprot/P04483"/>
	</rdf:Bag>
	</bqbiol:is>
	</rdf:Description>
	</rdf:RDF>
	</annotation>
            </species>
      <species metaid="PZ" hasOnlySubstanceUnits="true" initialAmount="0" sboTerm="SBO:0000252" compartment="cell" name="cI protein" id="PZ">
        <notes>
          <p xmlns="http://www.w3.org/1999/xhtml">
        lambda repressor</p>
          
        </notes>
        <annotation>
        <rdf:RDF xmlns:rdf="http://www.w3.org/1999/02/22-rdf-syntax-ns#" xmlns:bqbiol="http://biomodels.net/biology-qualifiers/">
	<rdf:Description rdf:about="#PZ">
	<bqbiol:is>
	<rdf:Bag>
	<rdf:li rdf:resource="http://identifiers.org/uniprot/P03034"/>
	</rdf:Bag>
	</bqbiol:is>
	</rdf:Description>
	</rdf:RDF>
	</annotation>
            </species>
      <species metaid="_905769" hasOnlySubstanceUnits="true" initialAmount="0" sboTerm="SBO:0000250" compartment="cell" name="LacI mRNA" id="X">
        <annotation>
        <rdf:RDF xmlns:rdf="http://www.w3.org/1999/02/22-rdf-syntax-ns#" xmlns:bqbiol="http://biomodels.net/biology-qualifiers/">
	<rdf:Description rdf:about="#_905769">
              <bqbiol:isVersionOf>
	<rdf:Bag>
	<rdf:li rdf:resource="http://identifiers.org/chebi/CHEBI:33699"/>
	<rdf:li rdf:resource="http://identifiers.org/kegg.compound/C00046"/>
	</rdf:Bag>
	</bqbiol:isVersionOf>
	
	<bqbiol:encodes>
	<rdf:Bag>
	<rdf:li rdf:resource="http://identifiers.org/uniprot/P03023"/>
	</rdf:Bag>
	</bqbiol:encodes>
	</rdf:Description>
	</rdf:RDF>
	</annotation>
            </species>
      <species metaid="_905781" hasOnlySubstanceUnits="true" initialAmount="20" sboTerm="SBO:0000250" compartment="cell" name="TetR mRNA" id="Y">
        <annotation>
        <rdf:RDF xmlns:rdf="http://www.w3.org/1999/02/22-rdf-syntax-ns#" xmlns:bqbiol="http://biomodels.net/biology-qualifiers/">
	<rdf:Description rdf:about="#_905781">
              <bqbiol:isVersionOf>
	<rdf:Bag>
	<rdf:li rdf:resource="http://identifiers.org/chebi/CHEBI:33699"/>
	<rdf:li rdf:resource="http://identifiers.org/kegg.compound/C00046"/>
	</rdf:Bag>
	</bqbiol:isVersionOf>
	
	<bqbiol:encodes>
	<rdf:Bag>
	<rdf:li rdf:resource="http://identifiers.org/uniprot/P04483"/>
	</rdf:Bag>
	</bqbiol:encodes>
	</rdf:Description>
	</rdf:RDF>
	</annotation>
            </species>
      <species metaid="_905802" hasOnlySubstanceUnits="true" initialAmount="0" sboTerm="SBO:0000250" compartment="cell" name="cI mRNA" id="Z">
        <annotation>
        <rdf:RDF xmlns:rdf="http://www.w3.org/1999/02/22-rdf-syntax-ns#" xmlns:bqbiol="http://biomodels.net/biology-qualifiers/">
	<rdf:Description rdf:about="#_905802">
              <bqbiol:isVersionOf>
	<rdf:Bag>
	<rdf:li rdf:resource="http://identifiers.org/chebi/CHEBI:33699"/>
	<rdf:li rdf:resource="http://identifiers.org/kegg.compound/C00046"/>
	</rdf:Bag>
	</bqbiol:isVersionOf>
	
	<bqbiol:encodes>
	<rdf:Bag>
	<rdf:li rdf:resource="http://identifiers.org/uniprot/P03034"/>
	</rdf:Bag>
	</bqbiol:encodes>
	</rdf:Description>
	</rdf:RDF>
	</annotation>
            </species>
    </listOfSpecies>
    <listOfParameters>
      <parameter name="beta" constant="false" id="beta" metaid="metaid_0000022" value="0.2">
        <notes>
          <p xmlns="http://www.w3.org/1999/xhtml">
        ratio of protein to mRNA decay rates</p>
          
        </notes>
      </parameter>
      <parameter constant="false" metaid="metaid_0000023" sboTerm="SBO:0000485" name="alpha0" id="alpha0" value="0.2164">
        <notes>
          <p xmlns="http://www.w3.org/1999/xhtml">
        Leakiness in protein copies per promoter and cell</p>
          
        </notes>
      </parameter>
      <parameter constant="false" metaid="metaid_0000024" sboTerm="SBO:0000186" name="alpha" id="alpha" value="216.404">
        <notes>
          <p xmlns="http://www.w3.org/1999/xhtml">
        Protein copies per promoter and cell</p>
          
        </notes>
      </parameter>
      <parameter name="translation efficiency" id="eff" metaid="metaid_0000025" value="20">
        <notes>
          <p xmlns="http://www.w3.org/1999/xhtml">
        Average number of proteins per transcript</p>
          
        </notes>
      </parameter>
      <parameter name="n" id="n" metaid="metaid_0000026" value="2" sboTerm="SBO:0000190">
        <notes>
          <p xmlns="http://www.w3.org/1999/xhtml">
        Hill coefficient</p>
          
        </notes>
      </parameter>
      <parameter name="KM" id="KM" metaid="metaid_0000027" value="40" sboTerm="SBO:0000288">
        <notes>
          <p xmlns="http://www.w3.org/1999/xhtml">
        Number of repressor molecules per cell giving half maximal repression, in monomers per cell</p>
          
        </notes>
      </parameter>
      <parameter name="mRNA half life" id="tau_mRNA" metaid="metaid_0000028" value="2" sboTerm="SBO:0000332"/>
      <parameter name="protein half life" id="tau_prot" metaid="metaid_0000128" value="10" sboTerm="SBO:0000332"/>
      <parameter name="average mRNA life time" constant="false" id="t_ave" metaid="metaid_0000032" sboTerm="SBO:0000348"/>
      <parameter name="kd_mRNA" constant="false" id="kd_mRNA" metaid="metaid_0000132" sboTerm="SBO:0000356">
        <notes>
          <p xmlns="http://www.w3.org/1999/xhtml">
        mRNA decay rate constant</p>
          
        </notes>
      </parameter>
      <parameter name="kd_prot" constant="false" id="kd_prot" metaid="metaid_0000133" sboTerm="SBO:0000356">
        <notes>
          <p xmlns="http://www.w3.org/1999/xhtml">
        Protein decay rate costant</p>
          
        </notes>
      </parameter>
      <parameter name="k_tl" constant="false" id="k_tl" metaid="metaid_0000233" sboTerm="SBO:0000016">
        <notes>
          <p xmlns="http://www.w3.org/1999/xhtml">
        Translation rate constant</p>
          
        </notes>
      </parameter>
      <parameter name="a_tr" constant="false" id="a_tr" metaid="metaid_0900235" sboTerm="SBO:0000186">
        <notes>
          <p xmlns="http://www.w3.org/1999/xhtml">
        Transcription rate from free promotor minus a0_tr</p>
          
        </notes>
      </parameter>
      <parameter name="tps_active" id="ps_a" metaid="metaid_0800235" value="0.5" sboTerm="SBO:0000186">
        <notes>
          <p xmlns="http://www.w3.org/1999/xhtml">
        Transcrition from free promotor in transcripts per second and promotor</p>
          
        </notes>
      </parameter>
      <parameter name="tps_repr" id="ps_0" metaid="metaid_0500235" value="0.0005" sboTerm="SBO:0000485">
        <notes>
          <p xmlns="http://www.w3.org/1999/xhtml">
        Transcrition from fully repressed promotor in transcripts per second and promotor</p>
          
        </notes>
      </parameter>
      <parameter name="a0_tr" constant="false" id="a0_tr" metaid="metaid_0000234" sboTerm="SBO:0000485">
        <notes>
          <p xmlns="http://www.w3.org/1999/xhtml">
        Transcription rate from fully repressed promotor</p>
          
        </notes>
      </parameter>
    </listOfParameters>
    <listOfRules>
      <assignmentRule variable="t_ave" metaid="metaid_0500035">
        <math xmlns="http://www.w3.org/1998/Math/MathML">        
          <apply>
            <divide/>
            <ci> tau_mRNA </ci>
            <apply>
              <ln/>
              <cn> 2 </cn>
            </apply>
          </apply>
        </math>
            </assignmentRule>
      <assignmentRule variable="beta" metaid="metaid_0240045">
        <math xmlns="http://www.w3.org/1998/Math/MathML">        
          <apply>
            <divide/>
            <ci> tau_mRNA </ci>
            <ci> tau_prot </ci>
          </apply>
        </math>
            </assignmentRule>
      <assignmentRule variable="k_tl" metaid="metaid_0400235">
        <math xmlns="http://www.w3.org/1998/Math/MathML">        
          <apply>
            <divide/>
            <ci> eff </ci>
            <ci> t_ave </ci>
          </apply>
        </math>
            </assignmentRule>
      <assignmentRule variable="a_tr" metaid="metaid_1000237">
        <math xmlns="http://www.w3.org/1998/Math/MathML">        
          <apply>
            <times/>
            <apply>
              <minus/>
              <ci> ps_a </ci>
              <ci> ps_0 </ci>
            </apply>
            <cn> 60 </cn>
          </apply>
        </math>
            </assignmentRule>
      <assignmentRule variable="a0_tr" metaid="metaid_0100236">
        <math xmlns="http://www.w3.org/1998/Math/MathML">        
          <apply>
            <times/>
            <ci> ps_0 </ci>
            <cn> 60 </cn>
          </apply>
        </math>
            </assignmentRule>
      <assignmentRule variable="kd_prot" metaid="metaid_0010335">
        <math xmlns="http://www.w3.org/1998/Math/MathML">        
          <apply>
            <divide/>
            <apply>
              <ln/>
              <cn> 2 </cn>
            </apply>
            <ci> tau_prot </ci>
          </apply>
        </math>
            </assignmentRule>
      <assignmentRule variable="kd_mRNA" metaid="metaid_0020435">
        <math xmlns="http://www.w3.org/1998/Math/MathML">        
          <apply>
            <divide/>
            <apply>
              <ln/>
              <cn> 2 </cn>
            </apply>
            <ci> tau_mRNA </ci>
          </apply>
        </math>
            </assignmentRule>
      <assignmentRule variable="alpha" metaid="metaid_0230035">
        <math xmlns="http://www.w3.org/1998/Math/MathML">        
          <apply>
            <divide/>
            <apply>
              <times/>
              <ci> a_tr </ci>
              <ci> eff </ci>
              <ci> tau_prot </ci>
            </apply>
            <apply>
              <times/>
              <apply>
                <ln/>
                <cn> 2 </cn>
              </apply>
              <ci> KM </ci>
            </apply>
          </apply>
        </math>
            </assignmentRule>
      <assignmentRule variable="alpha0" metaid="metaid_0240035">
        <math xmlns="http://www.w3.org/1998/Math/MathML">        
          <apply>
            <divide/>
            <apply>
              <times/>
              <ci> a0_tr </ci>
              <ci> eff </ci>
              <ci> tau_prot </ci>
            </apply>
            <apply>
              <times/>
              <apply>
                <ln/>
                <cn> 2 </cn>
              </apply>
              <ci> KM </ci>
            </apply>
          </apply>
        </math>
            </assignmentRule>
    </listOfRules>
    <listOfReactions>
      <reaction name="degradation of LacI transcripts" id="Reaction1" metaid="_905823" reversible="false" sboTerm="SBO:0000179">
        <annotation>
        <rdf:RDF xmlns:rdf="http://www.w3.org/1999/02/22-rdf-syntax-ns#" xmlns:bqbiol="http://biomodels.net/biology-qualifiers/">
	<rdf:Description rdf:about="#_905823">
	<bqbiol:isVersionOf>
	<rdf:Bag>
	<rdf:li rdf:resource="http://identifiers.org/obo.go/GO:0006402"/>
	</rdf:Bag>
	</bqbiol:isVersionOf>
	</rdf:Description>
	</rdf:RDF>
	</annotation>
              <listOfReactants>
          <speciesReference metaid="_420973" species="X"/>
        </listOfReactants>
        <kineticLaw metaid="_420986" sboTerm="SBO:0000049">
          <math xmlns="http://www.w3.org/1998/Math/MathML">          
            <apply>
              <times/>
              <ci> kd_mRNA </ci>
              <ci> X </ci>
            </apply>
          </math>
                </kineticLaw>
      </reaction>
      <reaction name="degradation of TetR transcripts" id="Reaction2" metaid="_905842" reversible="false" sboTerm="SBO:0000179">
        <annotation>
        <rdf:RDF xmlns:rdf="http://www.w3.org/1999/02/22-rdf-syntax-ns#" xmlns:bqbiol="http://biomodels.net/biology-qualifiers/">
	<rdf:Description rdf:about="#_905842">
	<bqbiol:isVersionOf>
	<rdf:Bag>
	<rdf:li rdf:resource="http://identifiers.org/obo.go/GO:0006402"/>
	</rdf:Bag>
	</bqbiol:isVersionOf>
	</rdf:Description>
	</rdf:RDF>
	</annotation>
              <listOfReactants>
          <speciesReference metaid="_420999" species="Y"/>
        </listOfReactants>
        <kineticLaw metaid="_421012" sboTerm="SBO:0000049">
          <math xmlns="http://www.w3.org/1998/Math/MathML">          
            <apply>
              <times/>
              <ci> kd_mRNA </ci>
              <ci> Y </ci>
            </apply>
          </math>
                </kineticLaw>
      </reaction>
      <reaction name="degradation of CI transcripts" id="Reaction3" metaid="_905862" reversible="false" sboTerm="SBO:0000179">
        <annotation>
        <rdf:RDF xmlns:rdf="http://www.w3.org/1999/02/22-rdf-syntax-ns#" xmlns:bqbiol="http://biomodels.net/biology-qualifiers/">
	<rdf:Description rdf:about="#_905862">
	<bqbiol:isVersionOf>
	<rdf:Bag>
	<rdf:li rdf:resource="http://identifiers.org/obo.go/GO:0006402"/>
	</rdf:Bag>
	</bqbiol:isVersionOf>
	</rdf:Description>
	</rdf:RDF>
	</annotation>
              <listOfReactants>
          <speciesReference metaid="_421025" species="Z"/>
        </listOfReactants>
        <kineticLaw metaid="_421038" sboTerm="SBO:0000049">
          <math xmlns="http://www.w3.org/1998/Math/MathML">          
            <apply>
              <times/>
              <ci> kd_mRNA </ci>
              <ci> Z </ci>
            </apply>
          </math>
                </kineticLaw>
      </reaction>
      <reaction name="translation of LacI" id="Reaction4" metaid="_905882" reversible="false" sboTerm="SBO:0000184">
        <annotation>
        <rdf:RDF xmlns:rdf="http://www.w3.org/1999/02/22-rdf-syntax-ns#" xmlns:bqbiol="http://biomodels.net/biology-qualifiers/">
	<rdf:Description rdf:about="#_905882">
	<bqbiol:isVersionOf>
	<rdf:Bag>
	<rdf:li rdf:resource="http://identifiers.org/obo.go/GO:0006412"/>
	</rdf:Bag>
	</bqbiol:isVersionOf>
	</rdf:Description>
	</rdf:RDF>
	</annotation>
              <listOfProducts>
          <speciesReference metaid="_421051" species="PX"/>
        </listOfProducts>
        <listOfModifiers>
          <modifierSpeciesReference metaid="_421064" species="X" sboTerm="SBO:0000461"/>
        </listOfModifiers>
        <kineticLaw metaid="_421076" sboTerm="SBO:0000049">
          <math xmlns="http://www.w3.org/1998/Math/MathML">          
            <apply>
              <times/>
              <ci> k_tl </ci>
              <ci> X </ci>
            </apply>
          </math>
                </kineticLaw>
      </reaction>
      <reaction name="translation of TetR" id="Reaction5" metaid="_905903" reversible="false" sboTerm="SBO:0000184">
        <annotation>
        <rdf:RDF xmlns:rdf="http://www.w3.org/1999/02/22-rdf-syntax-ns#" xmlns:bqbiol="http://biomodels.net/biology-qualifiers/">
	<rdf:Description rdf:about="#_905903">
	<bqbiol:isVersionOf>
	<rdf:Bag>
	<rdf:li rdf:resource="http://identifiers.org/obo.go/GO:0006412"/>
	</rdf:Bag>
	</bqbiol:isVersionOf>
	</rdf:Description>
	</rdf:RDF>
	</annotation>
              <listOfProducts>
          <speciesReference metaid="_421088" species="PY"/>
        </listOfProducts>
        <listOfModifiers>
          <modifierSpeciesReference metaid="_421100" species="Y" sboTerm="SBO:0000461"/>
        </listOfModifiers>
        <kineticLaw metaid="_421112" sboTerm="SBO:0000049">
          <math xmlns="http://www.w3.org/1998/Math/MathML">          
            <apply>
              <times/>
              <ci> k_tl </ci>
              <ci> Y </ci>
            </apply>
          </math>
                </kineticLaw>
      </reaction>
      <reaction name="translation of CI" id="Reaction6" metaid="_905923" reversible="false" sboTerm="SBO:0000184">
        <annotation>
        <rdf:RDF xmlns:rdf="http://www.w3.org/1999/02/22-rdf-syntax-ns#" xmlns:bqbiol="http://biomodels.net/biology-qualifiers/">
	<rdf:Description rdf:about="#_905923">
	<bqbiol:isVersionOf>
	<rdf:Bag>
	<rdf:li rdf:resource="http://identifiers.org/obo.go/GO:0006412"/>
	</rdf:Bag>
	</bqbiol:isVersionOf>
	</rdf:Description>
	</rdf:RDF>
	</annotation>
              <listOfProducts>
          <speciesReference metaid="_421124" species="PZ"/>
        </listOfProducts>
        <listOfModifiers>
          <modifierSpeciesReference metaid="_421136" species="Z" sboTerm="SBO:0000461"/>
        </listOfModifiers>
        <kineticLaw metaid="_421148" sboTerm="SBO:0000049">
          <math xmlns="http://www.w3.org/1998/Math/MathML">          
            <apply>
              <times/>
              <ci> k_tl </ci>
              <ci> Z </ci>
            </apply>
          </math>
                </kineticLaw>
      </reaction>
      <reaction name="degradation of LacI" id="Reaction7" metaid="_905943" reversible="false" sboTerm="SBO:0000179">
        <annotation>
        <rdf:RDF xmlns:rdf="http://www.w3.org/1999/02/22-rdf-syntax-ns#" xmlns:bqbiol="http://biomodels.net/biology-qualifiers/">
	<rdf:Description rdf:about="#_905943">
	<bqbiol:isVersionOf>
	<rdf:Bag>
	<rdf:li rdf:resource="http://identifiers.org/obo.go/GO:0030163"/>
	</rdf:Bag>
	</bqbiol:isVersionOf>
	</rdf:Description>
	</rdf:RDF>
	</annotation>
              <listOfReactants>
          <speciesReference metaid="_421160" species="PX"/>
        </listOfReactants>
        <kineticLaw metaid="_421172" sboTerm="SBO:0000049">
          <math xmlns="http://www.w3.org/1998/Math/MathML">          
            <apply>
              <times/>
              <ci> kd_prot </ci>
              <ci> PX </ci>
            </apply>
          </math>
                </kineticLaw>
      </reaction>
      <reaction name="degradation of TetR" id="Reaction8" metaid="_905962" reversible="false" sboTerm="SBO:0000179">
        <annotation>
        <rdf:RDF xmlns:rdf="http://www.w3.org/1999/02/22-rdf-syntax-ns#" xmlns:bqbiol="http://biomodels.net/biology-qualifiers/">
	<rdf:Description rdf:about="#_905962">
	<bqbiol:isVersionOf>
	<rdf:Bag>
	<rdf:li rdf:resource="http://identifiers.org/obo.go/GO:0030163"/>
	</rdf:Bag>
	</bqbiol:isVersionOf>
	</rdf:Description>
	</rdf:RDF>
	</annotation>
              <listOfReactants>
          <speciesReference metaid="_421184" species="PY"/>
        </listOfReactants>
        <kineticLaw metaid="_421196" sboTerm="SBO:0000049">
          <math xmlns="http://www.w3.org/1998/Math/MathML">          
            <apply>
              <times/>
              <ci> kd_prot </ci>
              <ci> PY </ci>
            </apply>
          </math>
                </kineticLaw>
      </reaction>
      <reaction name="degradation of CI" id="Reaction9" metaid="_905982" reversible="false" sboTerm="SBO:0000179">
        <annotation>
        <rdf:RDF xmlns:rdf="http://www.w3.org/1999/02/22-rdf-syntax-ns#" xmlns:bqbiol="http://biomodels.net/biology-qualifiers/">
	<rdf:Description rdf:about="#_905982">
	<bqbiol:isVersionOf>
	<rdf:Bag>
	<rdf:li rdf:resource="http://identifiers.org/obo.go/GO:0030163"/>
	</rdf:Bag>
	</bqbiol:isVersionOf>
	</rdf:Description>
	</rdf:RDF>
	</annotation>
              <listOfReactants>
          <speciesReference metaid="_421208" species="PZ"/>
        </listOfReactants>
        <kineticLaw metaid="_421220" sboTerm="SBO:0000049">
          <math xmlns="http://www.w3.org/1998/Math/MathML">          
            <apply>
              <times/>
              <ci> kd_prot </ci>
              <ci> PZ </ci>
            </apply>
          </math>
                </kineticLaw>
      </reaction>
      <reaction name="transcription of LacI" id="Reaction10" metaid="_906002" reversible="false" sboTerm="SBO:0000183">
        <annotation>
        <rdf:RDF xmlns:rdf="http://www.w3.org/1999/02/22-rdf-syntax-ns#" xmlns:bqbiol="http://biomodels.net/biology-qualifiers/">
	<rdf:Description rdf:about="#_906002">
	<bqbiol:isVersionOf>
	<rdf:Bag>
	<rdf:li rdf:resource="http://identifiers.org/obo.go/GO:0006351"/>
	</rdf:Bag>
	</bqbiol:isVersionOf>
	</rdf:Description>
	</rdf:RDF>
	</annotation>
              <listOfProducts>
          <speciesReference metaid="_421232" species="X"/>
        </listOfProducts>
        <listOfModifiers>
          <modifierSpeciesReference metaid="_421244" species="PZ" sboTerm="SBO:0000536"/>
        </listOfModifiers>
        <kineticLaw metaid="_421256">
          <math xmlns="http://www.w3.org/1998/Math/MathML">          
            <apply>
              <plus/>
              <ci> a0_tr </ci>
              <apply>
                <divide/>
                <apply>
                  <times/>
                  <ci> a_tr </ci>
                  <apply>
                    <power/>
                    <ci> KM </ci>
                    <ci> n </ci>
                  </apply>
                </apply>
                <apply>
                  <plus/>
                  <apply>
                    <power/>
                    <ci> KM </ci>
                    <ci> n </ci>
                  </apply>
                  <apply>
                    <power/>
                    <ci> PZ </ci>
                    <ci> n </ci>
                  </apply>
                </apply>
              </apply>
            </apply>
          </math>
                </kineticLaw>
      </reaction>
      <reaction name="transcription of TetR" id="Reaction11" metaid="_906022" reversible="false" sboTerm="SBO:0000183">
        <annotation>
        <rdf:RDF xmlns:rdf="http://www.w3.org/1999/02/22-rdf-syntax-ns#" xmlns:bqbiol="http://biomodels.net/biology-qualifiers/">
	<rdf:Description rdf:about="#_906022">
	<bqbiol:isVersionOf>
	<rdf:Bag>
	<rdf:li rdf:resource="http://identifiers.org/obo.go/GO:0006351"/>
	</rdf:Bag>
	</bqbiol:isVersionOf>
	</rdf:Description>
	</rdf:RDF>
	</annotation>
              <listOfProducts>
          <speciesReference metaid="_421268" species="Y"/>
        </listOfProducts>
        <listOfModifiers>
          <modifierSpeciesReference metaid="_421280" species="PX" sboTerm="SBO:0000536"/>
        </listOfModifiers>
        <kineticLaw metaid="_421292">
          <math xmlns="http://www.w3.org/1998/Math/MathML">          
            <apply>
              <plus/>
              <ci> a0_tr </ci>
              <apply>
                <divide/>
                <apply>
                  <times/>
                  <ci> a_tr </ci>
                  <apply>
                    <power/>
                    <ci> KM </ci>
                    <ci> n </ci>
                  </apply>
                </apply>
                <apply>
                  <plus/>
                  <apply>
                    <power/>
                    <ci> KM </ci>
                    <ci> n </ci>
                  </apply>
                  <apply>
                    <power/>
                    <ci> PX </ci>
                    <ci> n </ci>
                  </apply>
                </apply>
              </apply>
            </apply>
          </math>
                </kineticLaw>
      </reaction>
      <reaction name="transcription of CI" id="Reaction12" metaid="_906042" reversible="false" sboTerm="SBO:0000183">
        <annotation>
        <rdf:RDF xmlns:rdf="http://www.w3.org/1999/02/22-rdf-syntax-ns#" xmlns:bqbiol="http://biomodels.net/biology-qualifiers/">
	<rdf:Description rdf:about="#_906042">
	<bqbiol:isVersionOf>
	<rdf:Bag>
	<rdf:li rdf:resource="http://identifiers.org/obo.go/GO:0006351"/>
	</rdf:Bag>
	</bqbiol:isVersionOf>
	</rdf:Description>
	</rdf:RDF>
	</annotation>
              <listOfProducts>
          <speciesReference metaid="_421304" species="Z"/>
        </listOfProducts>
        <listOfModifiers>
          <modifierSpeciesReference metaid="_421317" species="PY" sboTerm="SBO:0000536"/>
        </listOfModifiers>
        <kineticLaw metaid="_421329">
          <math xmlns="http://www.w3.org/1998/Math/MathML">          
            <apply>
              <plus/>
              <ci> a0_tr </ci>
              <apply>
                <divide/>
                <apply>
                  <times/>
                  <ci> a_tr </ci>
                  <apply>
                    <power/>
                    <ci> KM </ci>
                    <ci> n </ci>
                  </apply>
                </apply>
                <apply>
                  <plus/>
                  <apply>
                    <power/>
                    <ci> KM </ci>
                    <ci> n </ci>
                  </apply>
                  <apply>
                    <power/>
                    <ci> PY </ci>
                    <ci> n </ci>
                  </apply>
                </apply>
              </apply>
            </apply>
          </math>
                </kineticLaw>
      </reaction>
    </listOfReactions>
  </model>
</sbml>